Player,Position,Session,Total Distance (m),RPE,Avg Speed (m/min),Top Speed (m/s),Sprint Distance (m)
Ellie,M,1/10 Pre Game,1240.0,,47.69230769230769,6.0,0.0
Ellie,M,1/10 九州 1,1120.0,,65.88235294117646,8.4,22.0
Ellie,M,1/10 九州 2,970.0,,64.66666666666667,7.3,35.0
Ellie,M,1/10 九州 3,1010.0,,59.411764705882355,7.5,9.0
Ellie,M,1/10 九州 4,990.0,,61.875,8.1,15.0
Ellie,M,1/10 九州 5,630.0,,42.0,6.2,1.0
Ellie,M,1/10 Total,4720.0,,59.0,8.4,82.0
Ellie,M,1/11 Pre Game,2190.0,,43.8,6.0,0.0
Ellie,M,1/11 福岡 1,1110.0,,65.29411764705883,6.0,0.0
Ellie,M,1/11 福岡 2,860.0,,53.75,7.5,21.0
Ellie,M,1/11 福岡 3,1090.0,,68.125,9.0,24.0
Ellie,M,1/11 福岡 4,1090.0,,60.55555555555556,6.4,4.0
Ellie,M,1/11 福岡 5,720.0,,51.42857142857143,5.6,0.0
Ellie,M,1/11 福岡 6,770.0,,45.294117647058826,7.0,7.0
Ellie,M,1/11 福岡 7,720.0,,55.38461538461539,6.0,0.0
Ellie,M,1/11 福岡 8,770.0,,51.333333333333336,6.9,3.0
Ellie,M,1/11 Total,7130.0,,56.58730158730159,9.0,59.0
Dora,M,3/17 HK 1,5510.0,,55.1,8.5,50.0
Dora,M,3/17 HK 2,670.0,,47.857142857142854,5.6,0.0
Dora,M,3/17 Total,6180.0,,54.21052631578947,8.5,50.0
Dora,M,3/18 明治 1,580.0,,72.5,5.9,0.0
Dora,M,3/18 明治 2,640.0,,80.0,6.8,5.0
Dora,M,3/18 明治 3,580.0,,72.5,7.0,14.0
Dora,M,3/18 明治 4,730.0,,81.11111111111111,5.5,0.0
Dora,M,3/18 Total,2530.0,,76.66666666666667,7.0,19.0
Dora,M,3/19 Revengers 1,840.0,,93.33333333333333,5.4,0.0
Dora,M,3/19 Revengers 2,670.0,,74.44444444444444,5.7,0.0
Dora,M,3/19 Revengers 3,770.0,,85.55555555555556,6.3,6.0
Dora,M,3/19 Revengers 4,730.0,,81.11111111111111,6.8,11.0
Dora,M,3/19 Total,3010.0,,83.61111111111111,6.8,17.0
Angel,D,6/18 1,650.0,,50.0,6.9,6.0
Angel,D,6/18 2,600.0,,35.294117647058826,6.9,2.0
Angel,D,6/18 3,600.0,,40.0,6.9,5.0
Angel,D,6/18 4,730.0,,36.5,6.3,1.0
Angel,D,6/18 total,2580.0,,39.69230769230769,6.9,14.0
Angel,D,6/19 Switzerland 1,250.0,,15.625,2.3,0.0
Angel,D,6/19 Switzerland 2,630.0,,28.636363636363637,7.2,3.0
Angel,D,6/19 Switzerland 3,770.0,,29.615384615384617,7.6,28.0
Angel,D,6/19 Switzerland 4,1030.0,,46.81818181818182,6.4,1.0
Angel,D,6/19 Switzerland total,2680.0,,31.162790697674417,7.6,32.0
Angel,D,6/20 Germany 1,250.0,,15.625,2.6,0.0
Angel,D,6/20 Germany 2,480.0,,24.0,4.7,0.0
Angel,D,6/20 Germany 3,290.0,,22.307692307692307,6.1,1.0
Angel,D,6/20 Germany 4,750.0,,39.473684210526315,6.8,18.0
Angel,D,6/20 Germany total,1770.0,,26.029411764705884,6.8,19.0
Angel,D,6/21 Germany 1,160.0,5.0,12.307692307692308,1.9,0.0
Angel,D,6/21 Germany 2,0.0,5.0,0.0,0.0,0.0
Angel,D,6/21 Germany 3,0.0,5.0,0.0,0.0,0.0
Angel,D,6/21 Germany 4,0.0,5.0,0.0,0.0,0.0
Angel,D,6/21 Germany 5,0.0,5.0,0.0,0.0,0.0
Angel,D,6/21 Germany 6,0.0,5.0,0.0,0.0,0.0
Angel,D,6/21 Germany 7,0.0,5.0,0.0,0.0,0.0
Angel,D,6/21 Germany 8,0.0,5.0,0.0,0.0,0.0
Angel,D,6/21 Germany total,160.0,5.0,1.797752808988764,1.9,
Trina,D,7/18 Training 1,480.0,7.0,53.333333333333336,5.4,0.0
Trina,D,7/18 Training 2,530.0,7.0,48.18181818181818,5.2,0.0
Trina,D,7/18 Training 3,320.0,7.0,32.0,3.9,0.0
Trina,D,7/18 Training 4,430.0,7.0,43.0,4.3,0.0
Trina,D,7/18 Training 5,590.0,7.0,49.166666666666664,6.2,1.0
Trina,D,7/18 Training 6,510.0,7.0,46.36363636363637,4.6,0.0
Trina,D,7/18 Training 7,420.0,7.0,60.0,5.3,0.0
Trina,D,7/18 Training 8,490.0,7.0,44.54545454545455,4.3,0.0
Trina,D,7/18 Training 9,370.0,7.0,52.857142857142854,3.9,0.0
Trina,D,7/18 Training 10,300.0,7.0,50.0,4.1,0.0
Trina,D,7/18 Training 11,270.0,7.0,45.0,4.0,0.0
Trina,D,7/18 Training 12,350.0,7.0,50.0,5.1,0.0
Trina,D,7/18 Training Total,5060.0,7.0,47.28971962616822,6.2,1.0
Trina,D,7/18 Game 1,1160.0,7.0,72.5,7.0,5.0
Trina,D,7/18 Game 2,870.0,7.0,54.375,5.6,0.0
Trina,D,7/18 Game 3,990.0,7.0,61.875,7.2,18.0
Trina,D,7/18 Game 4,1470.0,7.0,54.44444444444444,6.5,14.0
Trina,D,7/18 Game Total,4490.0,7.0,59.86666666666667,7.2,37.0
Trina,D,7/19 Training 1,360.0,6.0,60.0,4.0,0.0
Trina,D,7/19 Training 2,240.0,6.0,48.0,4.1,0.0
Trina,D,7/19 Training 3,310.0,6.0,44.285714285714285,5.1,0.0
Trina,D,7/19 Training 4,390.0,6.0,55.714285714285715,6.1,4.0
Trina,D,7/19 Training 5,470.0,6.0,27.647058823529413,4.3,0.0
Trina,D,7/19 Training 6,400.0,6.0,36.36363636363637,7.0,6.0
Trina,D,7/19 Training 7,90.0,6.0,12.857142857142858,1.8,0.0
Trina,D,7/19 Training 8,130.0,6.0,18.571428571428573,2.5,0.0
Trina,D,7/19 Training Total,2390.0,6.0,35.67164179104478,7.0,10.0
Trina,D,7/19 Game 1,1030.0,6.0,57.22222222222222,6.0,0.0
Trina,D,7/19 Game 2,1280.0,6.0,60.95238095238095,7.5,31.0
Trina,D,7/19 Game Total,2310.0,6.0,59.23076923076923,7.5,31.0
YuHan,M,8/15 Training 1,1380.0,4.0,51.111111111111114,9.2,52.0
YuHan,M,8/15 Training 2,230.0,4.0,32.857142857142854,7.3,13.0
YuHan,M,8/15 Training 3,260.0,4.0,43.333333333333336,7.0,5.0
YuHan,M,8/15 Training total,1870.0,4.0,46.75,9.2,70.0
YuHan,M,8/16 Training 1,1530.0,7.0,72.85714285714286,8.8,127.0
YuHan,M,8/16 Training 2,440.0,7.0,55.0,5.6,0.0
YuHan,M,8/16 Training 3,580.0,7.0,82.85714285714286,6.8,6.0
YuHan,M,8/16 Training 4,440.0,7.0,55.0,7.4,19.0
YuHan,M,8/16 Training 5,350.0,7.0,50.0,5.1,0.0
YuHan,M,8/16 Training 6,310.0,7.0,44.285714285714285,6.5,4.0
YuHan,M,8/16 Training 7,430.0,7.0,47.77777777777778,6.6,3.0
YuHan,M,8/16 Training 8,590.0,7.0,53.63636363636363,4.9,0.0
YuHan,M,8/16 Training 9,390.0,7.0,48.75,6.3,1.0
YuHan,M,8/16 Training 10,0.0,7.0,0.0,0.0,0.0
YuHan,M,8/16 Training 11,0.0,7.0,0.0,0.0,0.0
YuHan,M,8/16 Training total,5060.0,7.0,46.851851851851855,8.8,160.0
Sydney,A/M,1/10 Pre Game,1290.0,,49.61538461538461,6.6,3.0
Sydney,A/M,1/10 九州 1,1100.0,,64.70588235294117,9.0,11.0
Sydney,A/M,1/10 九州 2,960.0,,64.0,8.3,12.0
Sydney,A/M,1/10 九州 3,1000.0,,58.8235294117647,7.3,1.0
Sydney,A/M,1/10 九州 4,1070.0,,66.875,7.4,8.0
Sydney,A/M,1/10 九州 5,750.0,,50.0,6.5,3.0
Sydney,A/M,1/10 Total,4880.0,,61.0,9.0,35.0
Sydney,A/M,1/11 Pre Game,2140.0,,42.8,4.8,0.0
Sydney,A/M,1/11 福岡 1,1180.0,,69.41176470588235,8.2,46.0
Sydney,A/M,1/11 福岡 2,840.0,,52.5,5.3,0.0
Sydney,A/M,1/11 福岡 3,680.0,,42.5,7.4,16.0
Sydney,A/M,1/11 福岡 4,1180.0,,65.55555555555556,8.0,37.0
Sydney,A/M,1/11 福岡 5,910.0,,65.0,7.9,11.0
Sydney,A/M,1/11 福岡 6,1100.0,,64.70588235294117,8.1,24.0
Sydney,A/M,1/11 福岡 7,1010.0,,77.6923076923077,8.4,9.0
Sydney,A/M,1/11 福岡 8,870.0,,58.0,6.9,10.0
Sydney,A/M,1/11 Total,7770.0,,61.666666666666664,8.4,153.0
Linda,M,3/17 HK 1,5880.0,,58.8,8.3,92.0
Linda,M,3/17 HK 2,920.0,,65.71428571428571,8.7,17.0
Linda,M,3/17 Total,6800.0,,59.64912280701754,8.7,109.0
Linda,M,3/18 明治 1,630.0,,78.75,6.9,10.0
Linda,M,3/18 明治 2,900.0,,112.5,9.1,126.0
Linda,M,3/18 明治 3,690.0,,86.25,7.3,18.0
Linda,M,3/18 明治 4,800.0,,88.88888888888889,7.0,9.0
Linda,M,3/18 Total,3020.0,,91.51515151515152,9.1,163.0
Linda,M,3/19 Revengers 1,910.0,,101.11111111111111,8.2,30.0
Linda,M,3/19 Revengers 2,710.0,,78.88888888888889,5.6,0.0
Linda,M,3/19 Revengers 3,910.0,,101.11111111111111,6.7,5.0
Linda,M,3/19 Revengers 4,800.0,,88.88888888888889,6.0,0.0
Linda,M,3/19 Total,3330.0,,100.9090909090909,8.2,35.0
Tabitha,M,6/18 1,1060.0,,81.53846153846153,7.3,31.0
Tabitha,M,6/18 2,1320.0,,77.6470588235294,7.0,14.0
Tabitha,M,6/18 3,890.0,,59.333333333333336,6.7,7.0
Tabitha,M,6/18 4,1270.0,,63.5,7.9,19.0
Tabitha,M,6/18 total,4540.0,,69.84615384615384,7.9,71.0
Tabitha,M,6/19 Switzerland 1,1090.0,,68.125,6.5,2.0
Tabitha,M,6/19 Switzerland 2,1220.0,,55.45454545454545,7.5,40.0
Tabitha,M,6/19 Switzerland 3,860.0,,33.07692307692308,7.0,7.0
Tabitha,M,6/19 Switzerland 4,610.0,,27.727272727272727,6.3,3.0
Tabitha,M,6/19 Switzerland total,3780.0,,43.95348837209303,7.5,52.0
Tabitha,M,6/20 Germany 1,1070.0,,66.875,8.7,28.0
Tabitha,M,6/20 Germany 2,1120.0,,56.0,7.4,5.0
Tabitha,M,6/20 Germany 3,970.0,,74.61538461538461,6.4,8.0
Tabitha,M,6/20 Germany 4,880.0,,46.31578947368421,7.0,5.0
Tabitha,M,6/20 Germany total,4040.0,,59.411764705882355,8.7,46.0
Tabitha,M,6/21 Germany 1,610.0,5.0,46.92307692307692,6.4,3.0
Tabitha,M,6/21 Germany 2,440.0,5.0,62.857142857142854,9.1,13.0
Tabitha,M,6/21 Germany 3,790.0,5.0,65.83333333333333,6.7,13.0
Tabitha,M,6/21 Germany 4,460.0,5.0,41.81818181818182,6.3,1.0
Tabitha,M,6/21 Germany 5,860.0,5.0,66.15384615384616,7.2,30.0
Tabitha,M,6/21 Germany 6,590.0,5.0,65.55555555555556,6.0,0.0
Tabitha,M,6/21 Germany 7,710.0,5.0,64.54545454545455,7.1,31.0
Tabitha,M,6/21 Germany 8,670.0,5.0,51.53846153846154,6.6,8.0
Tabitha,M,6/21 Germany total,5130.0,5.0,57.640449438202246,9.1,99.0
Tabitha,M,6/24 FrankfurtU20 1,1430.0,,65.0,7.5,7.0
Tabitha,M,6/24 FrankfurtU20 2,970.0,,64.66666666666667,7.3,9.0
Tabitha,M,6/24 FrankfurtU20 3,760.0,,54.285714285714285,8.6,7.0
Tabitha,M,6/24 FrankfurtU20 4,490.0,,44.54545454545455,5.1,0.0
Tabitha,M,6/24 FrankfurtU20 total,3650.0,,58.87096774193548,8.6,23.0
Ellie,M,7/18 Training 1,490.0,4.0,54.44444444444444,4.1,0.0
Ellie,M,7/18 Training 2,560.0,4.0,50.90909090909091,7.0,1.0
Ellie,M,7/18 Training 3,450.0,4.0,45.0,4.0,0.0
Ellie,M,7/18 Training 4,410.0,4.0,41.0,4.7,0.0
Ellie,M,7/18 Training 5,650.0,4.0,54.166666666666664,6.8,1.0
Ellie,M,7/18 Training 6,600.0,4.0,54.54545454545455,5.7,0.0
Ellie,M,7/18 Training 7,380.0,4.0,54.285714285714285,6.0,0.0
Ellie,M,7/18 Training 8,510.0,4.0,46.36363636363637,4.3,0.0
Ellie,M,7/18 Training 9,440.0,4.0,62.857142857142854,6.1,1.0
Ellie,M,7/18 Training 10,370.0,4.0,61.666666666666664,4.9,0.0
Ellie,M,7/18 Training 11,320.0,4.0,53.333333333333336,5.0,0.0
Ellie,M,7/18 Training 12,320.0,4.0,45.714285714285715,5.6,0.0
Ellie,M,7/18 Training Total,5500.0,4.0,51.401869158878505,6.8,3.0
Ellie,M,7/18 Game 1,990.0,7.0,61.875,8.1,36.0
Ellie,M,7/18 Game 2,570.0,7.0,35.625,5.2,0.0
Ellie,M,7/18 Game 3,760.0,7.0,47.5,8.7,3.0
Ellie,M,7/18 Game 4,1380.0,7.0,51.111111111111114,6.6,4.0
Ellie,M,7/18 Game Total,3700.0,7.0,49.333333333333336,8.7,43.0
Ellie,M,7/19 Training 1,340.0,6.0,56.666666666666664,3.3,0.0
Ellie,M,7/19 Training 2,220.0,6.0,44.0,5.7,0.0
Ellie,M,7/19 Training 3,330.0,6.0,47.142857142857146,4.6,0.0
Ellie,M,7/19 Training 4,400.0,6.0,57.142857142857146,7.0,9.0
Ellie,M,7/19 Training 5,440.0,6.0,25.88235294117647,5.4,0.0
Ellie,M,7/19 Training 6,250.0,6.0,22.727272727272727,2.5,0.0
Ellie,M,7/19 Training 7,140.0,6.0,20.0,2.2,0.0
Ellie,M,7/19 Training 8,330.0,6.0,47.142857142857146,4.9,0.0
Ellie,M,7/19 Training Total,2450.0,6.0,36.56716417910448,7.0,9.0
Ellie,M,7/19 Game 1,1070.0,6.0,59.44444444444444,6.8,3.0
Ellie,M,7/19 Game 2,1020.0,6.0,48.57142857142857,7.3,45.0
Ellie,M,7/19 Game Total,2090.0,6.0,53.58974358974359,7.3,48.0
Yen,G,8/15 Training 1,1640.0,4.0,60.74074074074074,10.3,158.0
Yen,G,8/15 Training 2,520.0,4.0,57.77777777777778,8.3,2.0
Yen,G,8/15 Training 3,440.0,4.0,55.0,9.1,11.0
Yen,G,8/15 Training total,2600.0,4.0,59.09090909090909,10.3,171.0
Yen,G,8/16 Training 1,840.0,6.0,40.0,5.6,0.0
Yen,G,8/16 Training 2,300.0,6.0,37.5,6.6,3.0
Yen,G,8/16 Training 3,380.0,6.0,54.285714285714285,7.6,47.0
Yen,G,8/16 Training 4,280.0,6.0,35.0,5.5,0.0
Yen,G,8/16 Training 5,280.0,6.0,40.0,4.9,0.0
Yen,G,8/16 Training 6,220.0,6.0,31.428571428571427,4.5,0.0
Yen,G,8/16 Training 7,260.0,6.0,28.88888888888889,5.3,0.0
Yen,G,8/16 Training 8,310.0,6.0,28.181818181818183,3.7,0.0
Yen,G,8/16 Training 9,220.0,6.0,27.5,7.4,4.0
Yen,G,8/16 Training 10,450.0,6.0,40.90909090909091,4.6,0.0
Yen,G,8/16 Training 11,310.0,6.0,28.181818181818183,4.2,0.0
Yen,G,8/16 Training total,3850.0,6.0,35.648148148148145,7.6,54.0
Hana,D,1/10 Pre Game,1300.0,,50.0,6.1,1.0
Hana,D,1/10 九州 1,980.0,,57.64705882352941,8.5,16.0
Hana,D,1/10 九州 2,690.0,,46.0,6.5,6.0
Hana,D,1/10 九州 3,720.0,,42.35294117647059,6.7,2.0
Hana,D,1/10 九州 4,810.0,,50.625,5.9,0.0
Hana,D,1/10 九州 5,860.0,,57.333333333333336,5.8,0.0
Hana,D,1/10 Total,4060.0,,50.75,8.5,24.0
Hana,D,1/11 Pre Game,2560.0,,51.2,5.9,0.0
Hana,D,1/11 福岡 1,1200.0,,70.58823529411765,7.8,30.0
Hana,D,1/11 福岡 2,1000.0,,62.5,7.5,15.0
Hana,D,1/11 福岡 3,1230.0,,76.875,7.2,18.0
Hana,D,1/11 福岡 4,1130.0,,62.77777777777778,7.3,4.0
Hana,D,1/11 福岡 5,510.0,,36.42857142857143,7.9,4.0
Hana,D,1/11 福岡 6,1080.0,,63.529411764705884,7.1,15.0
Hana,D,1/11 福岡 7,660.0,,50.76923076923077,8.8,16.0
Hana,D,1/11 福岡 8,1030.0,,68.66666666666667,7.0,2.0
Hana,D,1/11 Total,7840.0,,62.22222222222222,8.8,104.0
XinYing,D,3/17 HK 1,4860.0,,48.6,8.7,77.0
XinYing,D,3/17 HK 2,730.0,,52.142857142857146,7.4,7.0
XinYing,D,3/17 Total,5590.0,,49.03508771929825,8.7,84.0
XinYing,D,3/18 明治 1,780.0,,97.5,7.0,25.0
XinYing,D,3/18 明治 2,590.0,,73.75,7.8,21.0
XinYing,D,3/18 明治 3,700.0,,87.5,7.2,11.0
XinYing,D,3/18 明治 4,810.0,,90.0,8.3,23.0
XinYing,D,3/18 Total,2880.0,,87.27272727272727,8.3,80.0
XinYing,D,3/19 Revengers 1,860.0,,95.55555555555556,6.2,1.0
XinYing,D,3/19 Revengers 2,770.0,,85.55555555555556,7.8,7.0
XinYing,D,3/19 Revengers 3,780.0,,86.66666666666667,5.9,0.0
XinYing,D,3/19 Revengers 4,790.0,,87.77777777777777,5.3,0.0
XinYing,D,3/19 Total,3200.0,,88.88888888888889,7.8,8.0
Hana,D,6/18 1,1050.0,,80.76923076923077,7.6,3.0
Hana,D,6/18 2,1210.0,,71.17647058823529,8.7,36.0
Hana,D,6/18 3,990.0,,66.0,7.7,15.0
Hana,D,6/18 4,1360.0,,68.0,8.9,77.0
Hana,D,6/18 total,4610.0,,70.92307692307692,8.9,131.0
Hana,D,6/19 Switzerland 1,650.0,,40.625,6.0,0.0
Hana,D,6/19 Switzerland 2,890.0,,40.45454545454545,4.8,0.0
Hana,D,6/19 Switzerland 3,0.0,,0.0,0.0,0.0
Hana,D,6/19 Switzerland 4,0.0,,0.0,0.0,0.0
Hana,D,6/19 Switzerland total,1540.0,,17.906976744186046,6.0,0.0
Hana,D,6/20 Germany 1,0.0,,0.0,0.0,0.0
Hana,D,6/20 Germany 2,0.0,,0.0,0.0,0.0
Hana,D,6/20 Germany 3,0.0,,0.0,0.0,0.0
Hana,D,6/20 Germany 4,0.0,,0.0,0.0,0.0
Hana,D,6/20 Germany total,0.0,,0.0,0.0,0.0
Hana,D,6/21 Germany 1,830.0,5.0,63.84615384615385,5.7,0.0
Hana,D,6/21 Germany 2,400.0,5.0,57.142857142857146,5.7,0.0
Hana,D,6/21 Germany 3,580.0,5.0,48.333333333333336,6.5,1.0
Hana,D,6/21 Germany 4,650.0,5.0,59.09090909090909,8.0,42.0
Hana,D,6/21 Germany 5,770.0,5.0,59.23076923076923,7.8,24.0
Hana,D,6/21 Germany 6,450.0,5.0,50.0,7.2,2.0
Hana,D,6/21 Germany 7,620.0,5.0,56.36363636363637,7.0,4.0
Hana,D,6/21 Germany 8,740.0,5.0,56.92307692307692,6.4,3.0
Hana,D,6/21 Germany total,5040.0,5.0,56.62921348314607,8.0,76.0
Hana,D,6/24 FrankfurtU20 1,1190.0,,54.09090909090909,8.4,18.0
Hana,D,6/24 FrankfurtU20 2,810.0,,54.0,7.1,5.0
Hana,D,6/24 FrankfurtU20 3,740.0,,52.857142857142854,6.8,1.0
Hana,D,6/24 FrankfurtU20 4,680.0,,61.81818181818182,8.0,10.0
Hana,D,6/24 FrankfurtU20 total,3420.0,,55.16129032258065,8.4,34.0
Hana,D,7/18 Training 1,510.0,5.0,56.666666666666664,6.2,1.0
Hana,D,7/18 Training 2,510.0,5.0,46.36363636363637,6.2,1.0
Hana,D,7/18 Training 3,310.0,5.0,31.0,3.2,0.0
Hana,D,7/18 Training 4,400.0,5.0,40.0,5.1,0.0
Hana,D,7/18 Training 5,580.0,5.0,48.333333333333336,9.1,24.0
Hana,D,7/18 Training 6,530.0,5.0,48.18181818181818,6.7,1.0
Hana,D,7/18 Training 7,360.0,5.0,51.42857142857143,5.9,0.0
Hana,D,7/18 Training 8,530.0,5.0,48.18181818181818,5.1,0.0
Hana,D,7/18 Training 9,400.0,5.0,57.142857142857146,6.3,3.0
Hana,D,7/18 Training 10,340.0,5.0,56.666666666666664,5.3,0.0
Hana,D,7/18 Training 11,350.0,5.0,58.333333333333336,4.6,0.0
Hana,D,7/18 Training 12,390.0,5.0,55.714285714285715,5.0,0.0
Hana,D,7/18 Training Total,5210.0,5.0,48.691588785046726,9.1,30.0
Hana,D,7/18 Game 1,1050.0,6.0,65.625,6.5,11.0
Hana,D,7/18 Game 2,960.0,6.0,60.0,7.2,38.0
Hana,D,7/18 Game 3,770.0,6.0,48.125,6.3,5.0
Hana,D,7/18 Game 4,1500.0,6.0,55.55555555555556,6.1,1.0
Hana,D,7/18 Game Total,4280.0,6.0,57.06666666666667,7.2,55.0
Hana,D,7/19 Training 1,350.0,7.0,58.333333333333336,4.8,0.0
Hana,D,7/19 Training 2,210.0,7.0,42.0,6.6,2.0
Hana,D,7/19 Training 3,310.0,7.0,44.285714285714285,4.5,0.0
Hana,D,7/19 Training 4,330.0,7.0,47.142857142857146,7.0,12.0
Hana,D,7/19 Training 5,450.0,7.0,26.470588235294116,5.3,0.0
Hana,D,7/19 Training 6,360.0,7.0,32.72727272727273,7.7,6.0
Hana,D,7/19 Training 7,190.0,7.0,27.142857142857142,3.3,0.0
Hana,D,7/19 Training 8,90.0,7.0,12.857142857142858,1.9,0.0
Hana,D,7/19 Training Total,2290.0,7.0,34.17910447761194,7.7,20.0
Hana,D,7/19 Game 1,1120.0,7.0,62.22222222222222,6.7,11.0
Hana,D,7/19 Game 2,1200.0,7.0,57.142857142857146,6.7,11.0
Hana,D,7/19 Game Total,2320.0,7.0,59.48717948717949,6.7,22.0
Mary,M,8/15 Training 1,430.0,4.0,35.833333333333336,4.8,0.0
Mary,M,8/15 Training 2,0.0,4.0,,0.0,0.0
Mary,M,8/15 Training 3,0.0,4.0,,0.0,0.0
Mary,M,8/15 Training total,430.0,4.0,35.833333333333336,4.8,0.0
Mary,M,8/16 Training 1,1650.0,7.0,78.57142857142857,9.9,144.0
Mary,M,8/16 Training 2,430.0,7.0,53.75,7.3,9.0
Mary,M,8/16 Training 3,570.0,7.0,81.42857142857143,8.3,29.0
Mary,M,8/16 Training 4,490.0,7.0,61.25,9.3,58.0
Mary,M,8/16 Training 5,450.0,7.0,64.28571428571429,6.2,2.0
Mary,M,8/16 Training 6,370.0,7.0,52.857142857142854,6.6,7.0
Mary,M,8/16 Training 7,420.0,7.0,46.666666666666664,6.9,5.0
Mary,M,8/16 Training 8,680.0,7.0,61.81818181818182,5.5,0.0
Mary,M,8/16 Training 9,400.0,7.0,50.0,4.9,0.0
Mary,M,8/16 Training 10,670.0,7.0,60.90909090909091,6.4,3.0
Mary,M,8/16 Training 11,620.0,7.0,56.36363636363637,8.7,19.0
Mary,M,8/16 Training total,6750.0,7.0,62.5,9.9,276.0
Yuhan,M,1/10 Pre Game,1370.0,,52.69230769230769,5.4,0.0
Yuhan,M,1/10 九州 1,910.0,,53.529411764705884,6.2,1.0
Yuhan,M,1/10 九州 2,670.0,,44.666666666666664,8.7,12.0
Yuhan,M,1/10 九州 3,970.0,,57.05882352941177,7.1,10.0
Yuhan,M,1/10 九州 4,950.0,,59.375,6.9,23.0
Yuhan,M,1/10 九州 5,920.0,,61.333333333333336,6.4,3.0
Yuhan,M,1/10 Total,4420.0,,55.25,8.7,49.0
Yuhan,M,3/17 HK 1,5570.0,,55.7,9.5,135.0
Yuhan,M,3/17 HK 2,650.0,,46.42857142857143,6.5,8.0
Yuhan,M,3/17 Total,6220.0,,54.56140350877193,9.5,143.0
Yuhan,M,3/18 明治 1,670.0,,83.75,7.3,15.0
Yuhan,M,3/18 明治 2,670.0,,83.75,7.8,20.0
Yuhan,M,3/18 明治 3,660.0,,82.5,8.3,13.0
Yuhan,M,3/18 明治 4,690.0,,76.66666666666667,6.6,19.0
Yuhan,M,3/18 Total,2690.0,,81.51515151515152,8.3,67.0
Yuhan,M,3/19 Revengers 1,740.0,,82.22222222222223,7.4,10.0
Yuhan,M,3/19 Revengers 2,730.0,,81.11111111111111,6.2,1.0
Yuhan,M,3/19 Revengers 3,750.0,,83.33333333333333,7.9,18.0
Yuhan,M,3/19 Revengers 4,670.0,,74.44444444444444,5.8,0.0
Yuhan,M,3/19 Total,2890.0,,80.27777777777777,7.9,29.0
Mary,M,6/18 1,920.0,,70.76923076923077,7.8,20.0
Mary,M,6/18 2,1090.0,,64.11764705882354,6.9,16.0
Mary,M,6/18 3,1110.0,,74.0,7.5,21.0
Mary,M,6/18 4,1150.0,,57.5,8.6,36.0
Mary,M,6/18 total,4270.0,,65.6923076923077,8.6,93.0
Mary,M,6/19 Switzerland 1,1050.0,,65.625,7.2,26.0
Mary,M,6/19 Switzerland 2,1070.0,,48.63636363636363,7.0,15.0
Mary,M,6/19 Switzerland 3,1560.0,,60.0,8.7,52.0
Mary,M,6/19 Switzerland 4,1050.0,,47.72727272727273,6.2,2.0
Mary,M,6/19 Switzerland total,4730.0,,55.0,8.7,95.0
Mary,M,6/20 Germany 1,1330.0,,83.125,7.0,9.0
Mary,M,6/20 Germany 2,1170.0,,58.5,6.3,3.0
Mary,M,6/20 Germany 3,540.0,,41.53846153846154,5.3,0.0
Mary,M,6/20 Germany 4,660.0,,34.73684210526316,6.5,5.0
Mary,M,6/20 Germany total,3700.0,,54.411764705882355,7.0,17.0
Mary,M,6/21 Germany 1,860.0,5.0,66.15384615384616,7.3,33.0
Mary,M,6/21 Germany 2,150.0,5.0,21.428571428571427,3.5,0.0
Mary,M,6/21 Germany 3,520.0,5.0,43.333333333333336,7.5,29.0
Mary,M,6/21 Germany 4,780.0,5.0,70.9090909090909,7.6,24.0
Mary,M,6/21 Germany 5,980.0,5.0,75.38461538461539,8.7,17.0
Mary,M,6/21 Germany 6,560.0,5.0,62.22222222222222,8.8,18.0
Mary,M,6/21 Germany 7,700.0,5.0,63.63636363636363,6.3,4.0
Mary,M,6/21 Germany 8,410.0,5.0,31.53846153846154,6.8,18.0
Mary,M,6/21 Germany total,4960.0,5.0,55.73033707865169,8.8,143.0
Mary,M,7/18 Training 1,550.0,6.0,61.111111111111114,5.8,0.0
Mary,M,7/18 Training 2,580.0,6.0,52.72727272727273,6.2,2.0
Mary,M,7/18 Training 3,370.0,6.0,37.0,4.0,0.0
Mary,M,7/18 Training 4,430.0,6.0,43.0,5.7,0.0
Mary,M,7/18 Training 5,820.0,6.0,68.33333333333333,6.6,8.0
Mary,M,7/18 Training 6,780.0,6.0,70.9090909090909,8.0,64.0
Mary,M,7/18 Training 7,600.0,6.0,85.71428571428571,6.5,2.0
Mary,M,7/18 Training 8,490.0,6.0,44.54545454545455,6.6,2.0
Mary,M,7/18 Training 9,530.0,6.0,75.71428571428571,6.3,2.0
Mary,M,7/18 Training 10,360.0,6.0,60.0,4.6,0.0
Mary,M,7/18 Training 11,370.0,6.0,61.666666666666664,5.9,0.0
Mary,M,7/18 Training 12,480.0,6.0,68.57142857142857,6.0,1.0
Mary,M,7/18 Training Total,6360.0,6.0,59.4392523364486,8.0,81.0
Mary,M,7/18 Game 1,1400.0,9.0,87.5,8.1,29.0
Mary,M,7/18 Game 2,980.0,9.0,61.25,7.9,18.0
Mary,M,7/18 Game 3,1360.0,9.0,85.0,8.5,10.0
Mary,M,7/18 Game 4,1880.0,9.0,69.62962962962963,9.0,19.0
Mary,M,7/18 Game Total,5620.0,9.0,74.93333333333334,9.0,76.0
Mary,M,7/19 Training 1,430.0,8.0,71.66666666666667,6.0,0.0
Mary,M,7/19 Training 2,260.0,8.0,52.0,6.2,1.0
Mary,M,7/19 Training 3,360.0,8.0,51.42857142857143,6.8,9.0
Mary,M,7/19 Training 4,410.0,8.0,58.57142857142857,5.2,0.0
Mary,M,7/19 Training 5,580.0,8.0,34.11764705882353,6.7,3.0
Mary,M,7/19 Training 6,440.0,8.0,40.0,6.4,1.0
Mary,M,7/19 Training 7,120.0,8.0,17.142857142857142,2.2,0.0
Mary,M,7/19 Training 8,160.0,8.0,22.857142857142858,2.3,0.0
Mary,M,7/19 Training Total,2760.0,8.0,41.19402985074627,6.8,14.0
Mary,M,7/19 Game 1,1310.0,8.0,72.77777777777777,8.1,72.0
Mary,M,7/19 Game 2,1400.0,8.0,66.66666666666667,7.3,18.0
Mary,M,7/19 Game Total,2710.0,8.0,69.48717948717949,8.1,90.0
Yukin,A,8/15 Training 1,490.0,4.0,37.69230769230769,8.8,5.0
Yukin,A,8/15 Training 2,0.0,4.0,,0.0,0.0
Yukin,A,8/15 Training 3,140.0,4.0,35.0,7.1,5.0
Yukin,A,8/15 Training total,630.0,,37.05882352941177,8.8,10.0
Yukin,A,8/16 Training 1,800.0,6.0,114.28571428571429,8.7,64.0
Yukin,A,8/16 Training 2,420.0,6.0,52.5,5.3,0.0
Yukin,A,8/16 Training 3,550.0,6.0,78.57142857142857,7.4,9.0
Yukin,A,8/16 Training 4,410.0,6.0,51.25,8.3,23.0
Yukin,A,8/16 Training 5,330.0,6.0,47.142857142857146,5.5,0.0
Yukin,A,8/16 Training 6,330.0,6.0,47.142857142857146,5.3,0.0
Yukin,A,8/16 Training 7,380.0,6.0,42.22222222222222,4.7,0.0
Yukin,A,8/16 Training 8,610.0,6.0,55.45454545454545,5.5,0.0
Yukin,A,8/16 Training 9,380.0,6.0,47.5,5.5,0.0
Yukin,A,8/16 Training 10,570.0,6.0,51.81818181818182,7.6,6.0
Yukin,A,8/16 Training 11,520.0,6.0,47.27272727272727,6.1,1.0
Yukin,A,8/16 Training total,5300.0,6.0,56.38297872340426,8.7,103.0
Annika,A/M,1/10 Pre Game,1260.0,,48.46153846153846,6.0,0.0
Annika,A/M,1/10 九州 1,1220.0,,71.76470588235294,8.1,14.0
Annika,A/M,1/10 九州 2,970.0,,64.66666666666667,8.1,29.0
Annika,A/M,1/10 九州 3,840.0,,49.411764705882355,6.5,8.0
Annika,A/M,1/10 九州 4,960.0,,60.0,7.0,3.0
Annika,A/M,1/10 九州 5,1010.0,,67.33333333333333,6.7,9.0
Annika,A/M,1/10 Total,5000.0,,62.5,8.1,63.0
Annika,A/M,1/11 Pre Game,2390.0,,47.8,6.3,4.0
Annika,A/M,1/11 福岡 1,1240.0,,72.94117647058823,8.6,42.0
Annika,A/M,1/11 福岡 2,1290.0,,80.625,8.0,5.0
Annika,A/M,1/11 福岡 3,940.0,,58.75,8.3,5.0
Annika,A/M,1/11 福岡 4,1340.0,,74.44444444444444,7.8,18.0
Annika,A/M,1/11 福岡 5,910.0,,65.0,6.8,6.0
Annika,A/M,1/11 福岡 6,810.0,,47.64705882352941,7.4,4.0
Annika,A/M,1/11 福岡 7,990.0,,76.15384615384616,6.0,0.0
Annika,A/M,1/11 福岡 8,890.0,,59.333333333333336,7.3,6.0
Annika,A/M,1/11 Total,8410.0,,66.74603174603175,8.6,86.0
Yochi,M,3/17 HK 1,4930.0,,49.3,8.5,37.0
Yochi,M,3/17 HK 2,780.0,,55.714285714285715,7.2,4.0
Yochi,M,3/17 Total,5710.0,,50.08771929824562,8.5,41.0
Yochi,M,3/18 明治 1,650.0,,81.25,6.9,12.0
Yochi,M,3/18 明治 2,640.0,,80.0,7.2,3.0
Yochi,M,3/18 明治 3,630.0,,78.75,6.5,4.0
Yochi,M,3/18 明治 4,770.0,,85.55555555555556,6.3,1.0
Yochi,M,3/18 Total,2690.0,,81.51515151515152,7.2,20.0
Yochi,M,3/19 Revengers 1,790.0,,87.77777777777777,6.0,2.0
Yochi,M,3/19 Revengers 2,780.0,,86.66666666666667,5.8,0.0
Yochi,M,3/19 Revengers 3,820.0,,91.11111111111111,7.5,2.0
Yochi,M,3/19 Revengers 4,780.0,,86.66666666666667,7.4,25.0
Yochi,M,3/19 Total,3170.0,,88.05555555555556,7.5,29.0
Alanna,A,6/18 1,1160.0,,89.23076923076923,8.7,16.0
Alanna,A,6/18 2,1160.0,,68.23529411764706,6.7,17.0
Alanna,A,6/18 3,980.0,,65.33333333333333,7.0,8.0
Alanna,A,6/18 4,1300.0,,65.0,6.7,5.0
Alanna,A,6/18 total,4600.0,,70.76923076923077,8.7,46.0
Alanna,A,6/19 Switzerland 1,920.0,,57.5,6.8,18.0
Alanna,A,6/19 Switzerland 2,1360.0,,61.81818181818182,6.5,6.0
Alanna,A,6/19 Switzerland 3,1090.0,,41.92307692307692,5.3,0.0
Alanna,A,6/19 Switzerland 4,640.0,,29.09090909090909,6.8,12.0
Alanna,A,6/19 Switzerland total,4010.0,,46.627906976744185,6.8,36.0
Alanna,A,6/20 Germany 1,1280.0,,80.0,7.1,47.0
Alanna,A,6/20 Germany 2,1040.0,,52.0,6.6,32.0
Alanna,A,6/20 Germany 3,830.0,,63.84615384615385,7.4,6.0
Alanna,A,6/20 Germany 4,940.0,,49.473684210526315,7.9,58.0
Alanna,A,6/20 Germany total,4090.0,,60.14705882352941,7.9,143.0
Alanna,A,6/21 Germany 1,950.0,5.0,73.07692307692308,6.5,13.0
Alanna,A,6/21 Germany 2,450.0,5.0,64.28571428571429,4.5,0.0
Alanna,A,6/21 Germany 3,820.0,5.0,68.33333333333333,6.9,7.0
Alanna,A,6/21 Germany 4,450.0,5.0,40.90909090909091,6.4,7.0
Alanna,A,6/21 Germany 5,880.0,5.0,67.6923076923077,6.8,35.0
Alanna,A,6/21 Germany 6,570.0,5.0,63.333333333333336,7.0,1.0
Alanna,A,6/21 Germany 7,690.0,5.0,62.72727272727273,5.9,0.0
Alanna,A,6/21 Germany 8,860.0,5.0,66.15384615384616,5.9,0.0
Alanna,A,6/21 Germany total,5670.0,5.0,63.70786516853933,7.0,63.0
XinYing,D,7/18 Training 1,500.0,5.0,55.55555555555556,4.4,0.0
XinYing,D,7/18 Training 2,500.0,5.0,45.45454545454545,4.9,0.0
XinYing,D,7/18 Training 3,350.0,5.0,35.0,3.6,0.0
XinYing,D,7/18 Training 4,440.0,5.0,44.0,4.3,0.0
XinYing,D,7/18 Training 5,660.0,5.0,55.0,7.4,2.0
XinYing,D,7/18 Training 6,460.0,5.0,41.81818181818182,4.8,0.0
XinYing,D,7/18 Training 7,470.0,5.0,67.14285714285714,5.9,0.0
XinYing,D,7/18 Training 8,570.0,5.0,51.81818181818182,7.0,3.0
XinYing,D,7/18 Training 9,340.0,5.0,48.57142857142857,4.6,0.0
XinYing,D,7/18 Training 10,320.0,5.0,53.333333333333336,3.4,0.0
XinYing,D,7/18 Training 11,310.0,5.0,51.666666666666664,4.0,0.0
XinYing,D,7/18 Training 12,350.0,5.0,50.0,5.8,0.0
XinYing,D,7/18 Training Total,5270.0,5.0,49.25233644859813,7.4,5.0
XinYing,D,7/18 Game 1,980.0,6.0,61.25,4.7,0.0
XinYing,D,7/18 Game 2,890.0,6.0,55.625,5.6,0.0
XinYing,D,7/18 Game 3,620.0,6.0,38.75,4.3,0.0
XinYing,D,7/18 Game 4,1250.0,6.0,46.2962962962963,5.7,0.0
XinYing,D,7/18 Game Total,3470.0,6.0,46.266666666666666,5.7,0.0
XinYing,D,7/19 Training 1,220.0,4.0,36.666666666666664,6.8,1.0
XinYing,D,7/19 Training 2,240.0,4.0,48.0,4.5,0.0
XinYing,D,7/19 Training 3,320.0,4.0,45.714285714285715,4.2,0.0
XinYing,D,7/19 Training 4,430.0,4.0,61.42857142857143,5.8,0.0
XinYing,D,7/19 Training 5,500.0,4.0,29.41176470588235,5.2,0.0
XinYing,D,7/19 Training 6,340.0,4.0,30.90909090909091,4.9,0.0
XinYing,D,7/19 Training 7,380.0,4.0,54.285714285714285,3.5,0.0
XinYing,D,7/19 Training 8,140.0,4.0,20.0,2.5,0.0
XinYing,D,7/19 Training Total,2570.0,4.0,38.35820895522388,6.8,1.0
XinYing,D,7/19 Game 1,860.0,4.0,47.77777777777778,5.3,0.0
XinYing,D,7/19 Game 2,990.0,4.0,47.142857142857146,6.0,1.0
XinYing,D,7/19 Game Total,1850.0,4.0,47.43589743589744,6.0,1.0
Hana,D,8/15 Training 1,520.0,4.0,32.5,7.8,11.0
Hana,D,8/15 Training 2,0.0,4.0,,0.0,0.0
Hana,D,8/15 Training 3,130.0,4.0,32.5,2.5,0.0
Hana,D,8/15 Training total,650.0,4.0,32.5,7.8,11.0
Hana,D,8/16 Training 1,1580.0,7.0,75.23809523809524,10.1,184.0
Hana,D,8/16 Training 2,420.0,7.0,52.5,7.4,6.0
Hana,D,8/16 Training 3,600.0,7.0,85.71428571428571,7.1,4.0
Hana,D,8/16 Training 4,450.0,7.0,56.25,8.1,45.0
Hana,D,8/16 Training 5,440.0,7.0,62.857142857142854,6.8,1.0
Hana,D,8/16 Training 6,310.0,7.0,44.285714285714285,6.0,1.0
Hana,D,8/16 Training 7,470.0,7.0,52.22222222222222,5.9,0.0
Hana,D,8/16 Training 8,670.0,7.0,60.90909090909091,6.6,2.0
Hana,D,8/16 Training 9,390.0,7.0,48.75,7.7,2.0
Hana,D,8/16 Training 10,600.0,7.0,54.54545454545455,6.9,13.0
Hana,D,8/16 Training 11,580.0,7.0,52.72727272727273,7.3,7.0
Hana,D,8/16 Training total,6510.0,7.0,60.27777777777778,10.1,265.0
